{
  "id": "",
  "name": "",
  "font_family": "iconfont",
  "css_prefix_text": "icon-",
  "description": "",
  "glyphs": [
    {
      "icon_id": "145442",
      "name": "用户",
      "font_class": "yonghu",
      "unicode": "e633",
      "unicode_decimal": 58931
    },
    {
      "icon_id": "629340",
      "name": "收货地址",
      "font_class": "shouhuodizhi",
      "unicode": "e64e",
      "unicode_decimal": 58958
    },
    {
      "icon_id": "3652974",
      "name": "分类",
      "font_class": "fenlei",
      "unicode": "e71b",
      "unicode_decimal": 59163
    }
  ]
}
